"user","rating","id"
5,4.3,"5_1715"
8,3.3,"8_1"
10,3,"10_1357"
10,3,"10_3066"
15,4,"15_3755"
18,4,"18_2278"
18,4,"18_1207"
23,3.3,"23_34"
26,2.7,"26_450"
33,4,"33_2916"
35,4,"35_1196"
36,2.3,"36_110"
36,2.3,"36_2967"
36,2.3,"36_556"
45,3.7,"45_2065"
48,2.3,"48_2321"
48,2.3,"48_2401"
49,3.3,"49_1997"
53,3,"53_2094"
53,3,"53_697"
53,3,"53_3114"
53,3,"53_2313"
53,3,"53_1059"
53,3,"53_2004"
53,3,"53_551"
54,4.3,"54_3361"
60,3,"60_688"
60,3,"60_1459"
62,3.7,"62_2290"
62,3.7,"62_21"
68,4,"68_1270"
73,2.7,"73_2791"
75,3.3,"75_2142"
75,3.3,"75_2085"
75,3.3,"75_3159"
78,4.3,"78_2096"
86,3.3,"86_1582"
88,3.7,"88_1923"
90,4.3,"90_19"
90,4.3,"90_281"
92,3,"92_2546"
92,3,"92_86"
95,3.3,"95_3006"
95,3.3,"95_1356"
97,3.3,"97_2612"
105,4,"105_2944"
106,3.3,"106_914"
106,3.3,"106_969"
107,3.7,"107_910"
109,4,"109_480"
110,4.3,"110_592"
113,2.7,"113_1527"
116,3,"116_3717"
117,3.3,"117_2081"
117,3.3,"117_1376"
117,3.3,"117_2613"
119,4.3,"119_3751"
123,3,"123_1258"
127,4.3,"127_1476"
127,4.3,"127_1097"
129,3.7,"129_1198"
131,2.7,"131_1259"
131,2.7,"131_920"
136,3,"136_1022"
137,3.3,"137_196"
139,3.3,"139_1274"
140,2.7,"140_3512"
146,2.7,"146_2396"
146,2.7,"146_2971"
147,2.7,"147_170"
147,2.7,"147_3825"
148,3,"148_1250"
148,3,"148_3175"
148,3,"148_1726"
148,3,"148_3268"
148,3,"148_227"
148,3,"148_2713"
148,3,"148_608"
148,3,"148_2967"
149,2.7,"149_2058"
149,2.7,"149_334"
151,3.7,"151_1732"
151,3.7,"151_2100"
157,3.7,"157_2193"
157,3.7,"157_1073"
161,3.7,"161_1952"
163,3.3,"163_849"
164,3,"164_3408"
169,2.3,"169_3327"
170,2.3,"170_2571"
170,2.3,"170_1080"
172,1.7,"172_3706"
173,2.7,"173_2351"
175,3,"175_2565"
176,4.3,"176_2378"
180,3,"180_1228"
181,3.3,"181_377"
181,3.3,"181_3591"
184,3.7,"184_3251"
187,3,"187_1465"
187,3,"187_3512"
187,3,"187_1043"
190,3.3,"190_1032"
192,3,"192_1573"
192,3,"192_569"
193,3.3,"193_357"
194,3.3,"194_783"
195,4,"195_1515"
195,4,"195_774"
195,4,"195_3173"
195,4,"195_2539"
195,4,"195_2010"
195,4,"195_3751"
195,4,"195_475"
198,3,"198_2394"
198,3,"198_11"
198,3,"198_3809"
198,3,"198_2794"
199,3,"199_1556"
201,3.3,"201_3556"
202,3,"202_3267"
204,4,"204_1573"
204,4,"204_2617"
204,4,"204_1673"
204,4,"204_227"
214,2,"214_2507"
216,2.7,"216_3086"
216,2.7,"216_2471"
216,2.7,"216_2944"
216,2.7,"216_485"
220,3.7,"220_1291"
222,2.3,"222_1466"
223,3.7,"223_1517"
223,3.7,"223_2916"
224,3.7,"224_1394"
229,4,"229_3943"
229,4,"229_3107"
229,4,"229_1097"
235,3.3,"235_1500"
235,3.3,"235_2473"
240,4.3,"240_2948"
240,4.3,"240_2890"
245,3.7,"245_2915"
245,3.7,"245_3578"
245,3.7,"245_1233"
249,3.7,"249_2947"
250,3.3,"250_3286"
255,3.3,"255_3708"
256,3.7,"256_1552"
258,4,"258_1784"
259,4,"259_3052"
260,3.7,"260_2006"
261,4.3,"261_648"
261,4.3,"261_3504"
263,3,"263_1127"
264,3,"264_2004"
271,3.7,"271_661"
271,3.7,"271_1210"
272,3.3,"272_3701"
274,3,"274_1252"
275,4,"275_1079"
284,3.3,"284_2858"
284,3.3,"284_3686"
288,3,"288_1197"
293,3.7,"293_1883"
295,3.7,"295_2827"
297,4,"297_1304"
298,3.7,"298_551"
299,3.7,"299_1719"
300,3.7,"300_2858"
301,3.7,"301_351"
301,3.7,"301_364"
301,3.7,"301_3752"
302,4,"302_1513"
302,4,"302_1876"
302,4,"302_364"
302,4,"302_3593"
302,4,"302_1089"
310,4.3,"310_3081"
319,4,"319_1193"
319,4,"319_1387"
319,4,"319_1644"
319,4,"319_1693"
321,3.3,"321_3273"
321,3.3,"321_2701"
326,3.3,"326_1276"
326,3.3,"326_3107"
326,3.3,"326_2268"
327,2.7,"327_594"
327,2.7,"327_1912"
329,4,"329_372"
329,4,"329_1996"
329,4,"329_1172"
330,4,"330_1198"
331,2.3,"331_1187"
331,2.3,"331_849"
334,3.3,"334_899"
335,4.3,"335_2013"
336,4.7,"336_2672"
338,5,"338_2289"
339,3.3,"339_1955"
340,4,"340_3751"
341,4,"341_2640"
341,4,"341_2692"
342,3,"342_3869"
343,3,"343_2085"
343,3,"343_2881"
346,3.7,"346_161"
347,3.3,"347_2804"
347,3.3,"347_356"
348,4.7,"348_3062"
349,4,"349_923"
349,4,"349_1610"
349,4,"349_2804"
349,4,"349_1954"
349,4,"349_2023"
351,3.7,"351_112"
352,4,"352_2082"
352,4,"352_3107"
352,4,"352_112"
357,4,"357_1246"
360,4,"360_3157"
365,3,"365_539"
366,4.3,"366_953"
368,4.3,"368_1552"
368,4.3,"368_2289"
368,4.3,"368_3300"
368,4.3,"368_3841"
369,4.3,"369_45"
372,3.7,"372_2513"
378,4.7,"378_2542"
380,4.3,"380_2542"
385,4.3,"385_2126"
385,4.3,"385_1197"
385,4.3,"385_1704"
386,3.7,"386_3793"
386,3.7,"386_111"
390,4.3,"390_2902"
391,3.3,"391_2367"
394,3.3,"394_809"
398,4.3,"398_3452"
401,3,"401_1100"
402,4.7,"402_380"
405,3.7,"405_3076"
406,2.7,"406_16"
409,4.7,"409_2539"
410,3.7,"410_2804"
411,2.7,"411_2096"
411,2.7,"411_2469"
411,2.7,"411_3720"
412,3.3,"412_3524"
412,3.3,"412_3720"
412,3.3,"412_480"
413,4,"413_3418"
416,4.3,"416_3298"
418,2.7,"418_1370"
418,2.7,"418_2002"
419,4,"419_1538"
419,4,"419_1726"
423,3.3,"423_1673"
424,4,"424_2478"
424,4,"424_2105"
424,4,"424_2113"
424,4,"424_3147"
424,4,"424_1965"
426,4,"426_292"
429,3.7,"429_3821"
437,4.7,"437_1299"
438,3.3,"438_3163"
438,3.3,"438_2395"
442,3.7,"442_2804"
442,3.7,"442_1961"
444,4.7,"444_3873"
445,3.7,"445_3053"
451,3.7,"451_1213"
453,3,"453_2872"
453,3,"453_2193"
454,3.7,"454_173"
457,3.7,"457_923"
462,3.3,"462_1073"
463,3.3,"463_2054"
466,3.7,"466_912"
466,3.7,"466_1247"
476,4,"476_3144"
476,4,"476_707"
476,4,"476_1097"
477,3.7,"477_589"
477,3.7,"477_1356"
482,3.3,"482_785"
482,3.3,"482_110"
482,3.3,"482_16"
482,3.3,"482_3590"
486,3.7,"486_3952"
490,3.3,"490_3483"
493,3.7,"493_597"
493,3.7,"493_1210"
498,3,"498_3105"
498,3,"498_2324"
498,3,"498_1927"
499,3.3,"499_357"
500,4.3,"500_126"
501,4,"501_2477"
505,4,"505_1580"
507,4.3,"507_1299"
509,5,"509_587"
509,5,"509_2413"
509,5,"509_1183"
509,5,"509_101"
509,5,"509_2978"
512,3.3,"512_3052"
513,4,"513_2471"
513,4,"513_1939"
514,3.7,"514_1374"
514,3.7,"514_1215"
515,4.7,"515_1243"
516,4,"516_2856"
516,4,"516_805"
519,4.3,"519_2085"
520,2.3,"520_3755"
522,3.3,"522_1210"
524,3.7,"524_3033"
524,3.7,"524_3689"
524,3.7,"524_3113"
524,3.7,"524_1590"
528,5,"528_203"
531,4,"531_1259"
531,4,"531_1917"
532,3.7,"532_2140"
533,3.7,"533_788"
533,3.7,"533_485"
533,3.7,"533_2701"
533,3.7,"533_370"
534,3.7,"534_898"
534,3.7,"534_527"
537,4.3,"537_2917"
543,3.7,"543_2816"
543,3.7,"543_2327"
544,4,"544_1299"
546,3.7,"546_260"
549,4.3,"549_1256"
549,4.3,"549_6"
549,4.3,"549_2286"
549,4.3,"549_1673"
549,4.3,"549_1711"
549,4.3,"549_50"
550,3.7,"550_1041"
550,3.7,"550_1099"
550,3.7,"550_3926"
552,3.3,"552_748"
556,4,"556_2174"
558,4,"558_912"
563,2.3,"563_2189"
566,4,"566_2991"
566,4,"566_3471"
566,4,"566_3524"
566,4,"566_1223"
571,4.3,"571_1037"
577,3.3,"577_380"
581,4,"581_1569"
585,3.7,"585_1544"
587,4.3,"587_1517"
588,2.3,"588_1267"
588,2.3,"588_1300"
588,2.3,"588_1968"
588,2.3,"588_2917"
588,2.3,"588_1204"
592,3.3,"592_3623"
593,4,"593_1660"
594,2.7,"594_2502"
601,3.3,"601_2413"
601,3.3,"601_2513"
601,3.3,"601_2701"
607,3,"607_3418"
608,3.7,"608_2026"
613,3.3,"613_1965"
613,3.3,"613_1231"
615,2.7,"615_919"
621,3.3,"621_2668"
621,3.3,"621_610"
621,3.3,"621_2160"
623,2.7,"623_2761"
629,3.3,"629_3895"
629,3.3,"629_3396"
631,3.3,"631_1198"
635,4.3,"635_3200"
635,4.3,"635_2858"
637,4.3,"637_1321"
637,4.3,"637_1956"
639,3,"639_3681"
641,3.7,"641_1"
642,3.7,"642_24"
645,1.7,"645_1252"
646,5,"646_1263"
646,5,"646_2094"
646,5,"646_3363"
647,4,"647_355"
648,2.3,"648_3160"
652,3,"652_1783"
655,3.7,"655_2875"
657,2.3,"657_43"
658,2.3,"658_2333"
660,2.7,"660_432"
667,2.7,"667_2706"
669,3,"669_1688"
669,3,"669_257"
669,3,"669_2699"
669,3,"669_474"
669,3,"669_2023"
673,3,"673_1251"
673,3,"673_1613"
673,3,"673_851"
673,3,"673_58"
676,4.3,"676_2054"
676,4.3,"676_216"
676,4.3,"676_474"
677,5,"677_495"
678,2.7,"678_1951"
678,2.7,"678_1064"
679,3.3,"679_3072"
680,4.3,"680_527"
690,3,"690_2161"
692,4,"692_3052"
695,4.3,"695_3623"
695,4.3,"695_1597"
696,2.7,"696_2116"
696,2.7,"696_1372"
698,4,"698_1097"
699,2.7,"699_423"
699,2.7,"699_174"
702,2.7,"702_1276"
704,4.7,"704_2369"
704,4.7,"704_2722"
710,3.7,"710_1461"
710,3.7,"710_836"
710,3.7,"710_377"
710,3.7,"710_2986"
711,4.3,"711_923"
711,4.3,"711_1213"
711,4.3,"711_1090"
712,4.7,"712_2628"
712,4.7,"712_2700"
712,4.7,"712_1779"
713,3,"713_1196"
714,5,"714_733"
714,5,"714_595"
714,5,"714_3181"
716,3.3,"716_441"
716,3.3,"716_1025"
718,4.7,"718_1682"
719,4.7,"719_1228"
721,3.7,"721_1687"
721,3.7,"721_1092"
722,4.3,"722_1617"
731,4.3,"731_3671"
731,4.3,"731_141"
731,4.3,"731_3552"
731,4.3,"731_64"
735,5,"735_7"
735,5,"735_2699"
735,5,"735_1960"
735,5,"735_1028"
744,4.7,"744_2657"
746,4.3,"746_3844"
746,4.3,"746_1089"
748,4.3,"748_1527"
749,4.3,"749_2717"
749,4.3,"749_3760"
752,3.7,"752_2072"
752,3.7,"752_2425"
752,3.7,"752_3250"
752,3.7,"752_3683"
752,3.7,"752_1177"
752,3.7,"752_2504"
753,4,"753_3489"
753,4,"753_828"
757,3.3,"757_3005"
757,3.3,"757_2420"
760,3.7,"760_266"
765,4.3,"765_1606"
765,4.3,"765_3698"
765,4.3,"765_3363"
765,4.3,"765_153"
770,5,"770_2615"
771,4,"771_266"
776,4,"776_924"
776,4,"776_950"
780,4,"780_3421"
780,4,"780_494"
780,4,"780_313"
781,4,"781_1468"
789,5,"789_3578"
791,4.3,"791_586"
793,3.3,"793_1711"
794,5,"794_3678"
795,4,"795_2481"
795,4,"795_36"
800,3.3,"800_1007"
801,4.3,"801_2241"
802,4,"802_2291"
802,4,"802_296"
802,4,"802_1395"
806,3.3,"806_246"
808,3.3,"808_2324"
810,4.7,"810_2353"
812,4.3,"812_3740"
813,4.3,"813_2858"
814,4.7,"814_3175"
814,4.7,"814_3745"
817,5,"817_1748"
820,3.7,"820_1617"
820,3.7,"820_1584"
820,3.7,"820_3527"
820,3.7,"820_3919"
822,5,"822_1286"
822,5,"822_3591"
824,4.7,"824_1334"
824,4.7,"824_1913"
824,4.7,"824_162"
828,4.3,"828_2759"
830,4.3,"830_3747"
832,3.3,"832_3948"
834,4.3,"834_1210"
839,4.3,"839_443"
846,4.7,"846_2144"
846,4.7,"846_3308"
850,4.3,"850_3053"
850,4.3,"850_3112"
853,3.3,"853_2991"
854,4,"854_2296"
854,4,"854_412"
854,4,"854_500"
856,4.3,"856_3951"
857,4.7,"857_1278"
858,4.3,"858_2279"
859,4.3,"859_1259"
860,3.3,"860_1997"
861,3,"861_2997"
863,4,"863_1189"
868,3.3,"868_968"
869,3.7,"869_3016"
869,3.7,"869_3454"
869,3.7,"869_252"
869,3.7,"869_2961"
871,4,"871_2710"
872,4,"872_3893"
873,4.7,"873_1172"
877,4.3,"877_2617"
877,4.3,"877_2383"
877,4.3,"877_1735"
880,4.7,"880_1920"
881,3.3,"881_880"
889,4,"889_1256"
889,4,"889_3201"
889,4,"889_1625"
889,4,"889_1162"
889,4,"889_1379"
889,4,"889_3174"
889,4,"889_15"
889,4,"889_2922"
890,4,"890_1917"
892,3.7,"892_1196"
893,4,"893_608"
894,4.3,"894_3623"
897,2,"897_1639"
897,2,"897_1645"
904,4.3,"904_1266"
904,4.3,"904_2854"
905,4.3,"905_1371"
910,3.7,"910_3678"
911,4.3,"911_3052"
911,4.3,"911_329"
911,4.3,"911_1950"
913,3,"913_586"
914,4,"914_3101"
915,3,"915_89"
916,4,"916_296"
918,3.3,"918_377"
919,3,"919_1320"
920,4.7,"920_380"
921,4.3,"921_2324"
922,5,"922_2726"
924,4.3,"924_2130"
924,4.3,"924_1580"
924,4.3,"924_16"
924,4.3,"924_2791"
926,4.3,"926_3034"
926,4.3,"926_903"
927,3.7,"927_3481"
928,3,"928_2331"
928,3,"928_3160"
929,3,"929_2987"
929,3,"929_1573"
934,3,"934_3039"
934,3,"934_707"
936,4,"936_2858"
937,3.3,"937_2260"
937,3.3,"937_3409"
937,3.3,"937_2985"
952,2,"952_1673"
953,4.3,"953_3751"
955,3,"955_2819"
957,3,"957_3871"
959,3.7,"959_249"
960,3.7,"960_112"
963,2.3,"963_2470"
966,3,"966_2610"
968,3.3,"968_2321"
971,4.3,"971_2100"
971,4.3,"971_196"
974,2.3,"974_3287"
975,4,"975_1291"
975,4,"975_2455"
975,4,"975_2580"
977,3,"977_318"
977,3,"977_1982"
979,2.7,"979_1581"
984,3,"984_3793"
984,3,"984_2082"
984,3,"984_941"
984,3,"984_410"
984,3,"984_1231"
985,4,"985_350"
988,4,"988_1663"
996,3,"996_2993"
996,3,"996_2528"
997,2.3,"997_3247"
998,3.7,"998_523"
999,4,"999_996"
999,4,"999_2628"
999,4,"999_1210"
1000,3.3,"1000_594"
1001,3.3,"1001_2318"
1001,3.3,"1001_2586"
1004,3.3,"1004_610"
1010,3.3,"1010_590"
1010,3.3,"1010_778"
1010,3.3,"1010_3060"
1010,3.3,"1010_1639"
1010,3.3,"1010_1645"
1015,3.7,"1015_1261"
1015,3.7,"1015_262"
1015,3.7,"1015_441"
1015,3.7,"1015_1178"
1015,3.7,"1015_1573"
1016,2.7,"1016_728"
1017,3.7,"1017_366"
1019,4,"1019_1283"
1019,4,"1019_1129"
1019,4,"1019_3328"
1019,4,"1019_2028"
1021,3.7,"1021_3671"
1022,2.7,"1022_2136"
1022,2.7,"1022_2570"
1029,3.3,"1029_2141"
1033,4,"1033_466"
1033,4,"1033_2118"
1034,3,"1034_1340"
1034,3,"1034_1025"
1034,3,"1034_3717"
1038,3.3,"1038_3811"
1047,3.7,"1047_3826"
1047,3.7,"1047_2021"
1051,3,"1051_2072"
1051,3,"1051_2297"
1051,3,"1051_440"
1051,3,"1051_648"
1051,3,"1051_2327"
1051,3,"1051_1593"
1052,4.3,"1052_1944"
1053,3.7,"1053_1589"
1053,3.7,"1053_3555"
1055,3.7,"1055_2693"
1056,4,"1056_2329"
1056,4,"1056_2338"
1056,4,"1056_2000"
1058,4,"1058_2826"
1059,4,"1059_1186"
1062,3.3,"1062_1276"
1062,3.3,"1062_3629"
1068,3.7,"1068_3250"
1068,3.7,"1068_3526"
1069,3,"1069_580"
1069,3,"1069_76"
1071,2.7,"1071_3578"
1072,5,"1072_3006"
1073,4.7,"1073_2020"
1074,5,"1074_3363"
1075,3.7,"1075_2186"
1077,3.3,"1077_1411"
1080,3,"1080_2033"
1082,4,"1082_509"
1086,3.3,"1086_1246"
1087,3.7,"1087_1653"
1087,3.7,"1087_1370"
1088,4,"1088_736"
1088,4,"1088_743"
1088,4,"1088_3257"
1088,4,"1088_2829"
1089,4.3,"1089_47"
1089,4.3,"1089_2028"
1099,4,"1099_1060"
1100,3.7,"1100_2116"
1100,3.7,"1100_34"
1101,4.3,"1101_2409"
1101,4.3,"1101_1198"
1101,4.3,"1101_25"
1101,4.3,"1101_356"
1106,3.3,"1106_2093"
1108,3.3,"1108_2858"
1109,2.3,"1109_480"
1112,4,"1112_2058"
1112,4,"1112_3418"
1112,4,"1112_3484"
1112,4,"1112_1131"
1112,4,"1112_1961"
1113,2,"1113_1407"
1116,4.3,"1116_2248"
1116,4.3,"1116_1923"
1119,3.3,"1119_2312"
1119,3.3,"1119_3702"
1120,3.3,"1120_2083"
1120,3.3,"1120_3466"
1120,3.3,"1120_1862"
1120,3.3,"1120_1358"
1121,4.3,"1121_3108"
1124,4,"1124_1262"
1124,4,"1124_2717"
1124,4,"1124_2949"
1125,3,"1125_1917"
1125,3,"1125_356"
1127,3.7,"1127_2405"
1127,3.7,"1127_2815"
1128,3.3,"1128_296"
1128,3.3,"1128_3685"
1128,3.3,"1128_2513"
1129,4.3,"1129_110"
1130,4.3,"1130_2369"
1131,4,"1131_1104"
1132,4.3,"1132_2761"
1133,4,"1133_924"
1134,3,"1134_1617"
1137,3.7,"1137_3075"
1138,4,"1138_1805"
1139,4,"1139_3255"
1140,4.3,"1140_2203"
1140,4.3,"1140_1925"
1140,4.3,"1140_36"
1140,4.3,"1140_2012"
1140,4.3,"1140_3923"
1141,3.7,"1141_1673"
1141,3.7,"1141_105"
1143,3.3,"1143_2949"
1147,4.3,"1147_2183"
1147,4.3,"1147_2384"
1150,3,"1150_3083"
1150,3,"1150_3255"
1150,3,"1150_1816"
1150,3,"1150_431"
1150,3,"1150_1597"
1150,3,"1150_2541"
1150,3,"1150_1087"
1150,3,"1150_2041"
1151,3,"1151_2600"
1159,4,"1159_1961"
1162,4,"1162_1265"
1164,4.7,"1164_289"
1164,4.7,"1164_475"
1164,4.7,"1164_308"
1165,3.7,"1165_3052"
1169,3.3,"1169_3608"
1172,3.7,"1172_2831"
1172,3.7,"1172_1225"
1173,4.3,"1173_153"
1173,4.3,"1173_2028"
1176,4.3,"1176_2987"
1176,4.3,"1176_1304"
1176,4.3,"1176_1225"
1177,4,"1177_1"
1177,4,"1177_2268"
1177,4,"1177_678"
1181,3.3,"1181_924"
1181,3.3,"1181_1488"
1181,3.3,"1181_3251"
1181,3.3,"1181_475"
1181,3.3,"1181_1920"
1182,5,"1182_2053"
1182,5,"1182_588"
1182,5,"1182_908"
1182,5,"1182_2396"
1183,4.3,"1183_1678"
1184,4.3,"1184_900"
1184,4.3,"1184_1777"
1185,4,"1185_1064"
1186,3.3,"1186_610"
1193,3.3,"1193_786"
1193,3.3,"1193_3160"
1194,3.3,"1194_3253"
1194,3.3,"1194_1184"
1198,2.3,"1198_3754"
1199,4.3,"1199_914"
1202,3.3,"1202_1249"
1202,3.3,"1202_1732"
1207,3.3,"1207_2683"
1207,3.3,"1207_1588"
1207,3.3,"1207_349"
1208,4.3,"1208_1699"
1208,4.3,"1208_3897"
1209,4,"1209_3308"
1211,4.3,"1211_1356"
1211,4.3,"1211_515"
1218,4,"1218_1404"
1218,4,"1218_3527"
1218,4,"1218_3704"
1218,4,"1218_3769"
1219,3.7,"1219_3861"
1220,4,"1220_3793"
1224,3,"1224_1377"
1227,3.7,"1227_1179"
1228,3,"1228_1100"
1228,3,"1228_110"
1228,3,"1228_1748"
1230,3,"1230_589"
1230,3,"1230_2288"
1230,3,"1230_44"
1231,3.7,"1231_1835"
1241,4.7,"1241_1639"
1242,5,"1242_3060"
1243,3.7,"1243_597"
1243,3.7,"1243_3733"
1244,2.7,"1244_1518"
1244,2.7,"1244_198"
1244,2.7,"1244_504"
1246,2.7,"1246_2987"
1246,2.7,"1246_1275"
1246,2.7,"1246_3545"
1246,2.7,"1246_39"
1252,4,"1252_3752"
1254,4,"1254_1639"
1256,3.7,"1256_1953"
1260,3.3,"1260_2138"
1260,3.3,"1260_2329"
1260,3.3,"1260_2928"
1261,2.3,"1261_806"
1261,2.3,"1261_2791"
1264,2.7,"1264_1404"
1264,2.7,"1264_2009"
1265,3.7,"1265_904"
1265,3.7,"1265_3489"
1265,3.7,"1265_3300"
1265,3.7,"1265_2700"
1266,3.3,"1266_1596"
1267,3.7,"1267_50"
1268,4.7,"1268_3578"
1271,4.7,"1271_1307"
1272,2.7,"1272_908"
1274,4,"1274_2648"
1274,4,"1274_3578"
1283,3.7,"1283_919"
1284,3.7,"1284_524"
1285,3.7,"1285_1307"
1285,3.7,"1285_838"
1287,4,"1287_3624"
1287,4,"1287_384"
1287,4,"1287_1230"
1291,3.7,"1291_1285"
1291,3.7,"1291_1350"
1297,3.7,"1297_2836"
1297,3.7,"1297_492"
1298,4.7,"1298_1665"
1298,4.7,"1298_1042"
1299,3.7,"1299_924"
1299,3.7,"1299_2617"
1299,3.7,"1299_1997"
1300,4,"1300_2888"
1300,4,"1300_2389"
1301,3.7,"1301_2690"
1301,3.7,"1301_2020"
1303,2.7,"1303_2064"
1303,2.7,"1303_2871"
1303,2.7,"1303_150"
1306,4.3,"1306_3354"
1308,3.3,"1308_2278"
1311,3.3,"1311_2005"
1317,3,"1317_590"
1317,3,"1317_261"
1317,3,"1317_1544"
1319,3.7,"1319_2291"
1320,2.7,"1320_3639"
1320,2.7,"1320_1210"
1324,4,"1324_1292"
1325,4,"1325_1307"
1325,4,"1325_1030"
1329,3.7,"1329_3208"
1333,4,"1333_1805"
1333,4,"1333_648"
1334,4.7,"1334_3384"
1335,4.7,"1335_2858"
1335,4.7,"1335_2522"
1337,2.3,"1337_3398"
1340,3.7,"1340_3557"
1341,4,"1341_1645"
1343,3.7,"1343_1077"
1344,3.3,"1344_1033"
1350,4.3,"1350_2291"
1354,4.7,"1354_2105"
1356,4.3,"1356_2770"
1358,3.7,"1358_2344"
1358,3.7,"1358_1214"
1359,4,"1359_2485"
1359,4,"1359_2137"
1359,4,"1359_1023"
1365,3.3,"1365_541"
1366,3.7,"1366_1407"
1367,3.3,"1367_3671"
1367,3.3,"1367_2011"
1368,4,"1368_3363"
1369,3.3,"1369_3060"
1369,3.3,"1369_2948"
1371,3.7,"1371_3949"
1374,4,"1374_1213"
1374,4,"1374_2028"
1376,3.7,"1376_1678"
1377,4.3,"1377_552"
1380,4.3,"1380_2965"
1383,4,"1383_3699"
1383,4,"1383_1344"
1386,3,"1386_296"
1389,3.3,"1389_1466"
1389,3.3,"1389_2021"
1390,4,"1390_185"
1392,4,"1392_1242"
1395,3.7,"1395_2379"
1403,5,"1403_1376"
1404,4,"1404_3932"
1404,4,"1404_3724"
1410,3.7,"1410_631"
1418,5,"1418_1681"
1418,5,"1418_260"
1420,2.7,"1420_1617"
1420,2.7,"1420_3654"
1422,3.3,"1422_2054"
1422,3.3,"1422_1806"
1422,3.3,"1422_3421"
1425,4.3,"1425_2539"
1426,3.7,"1426_786"
1426,3.7,"1426_175"
1427,4.3,"1427_2792"
1430,4.3,"1430_2571"
1434,3,"1434_2141"
1436,3.3,"1436_612"
1437,3,"1437_1674"
1437,3,"1437_1080"
1439,4,"1439_1248"
1441,3.3,"1441_1580"
1442,4.3,"1442_1214"
1447,4,"1447_720"
1447,4,"1447_2093"
1447,4,"1447_818"
1447,4,"1447_1208"
1447,4,"1447_1219"
1448,5,"1448_1621"
1448,5,"1448_1198"
1448,5,"1448_1340"
1449,3.3,"1449_1779"
1449,3.3,"1449_1009"
1449,3.3,"1449_2755"
1451,5,"1451_3034"
1451,5,"1451_1660"
1453,4.7,"1453_2706"
1455,3,"1455_1183"
1462,3.7,"1462_3555"
1464,4,"1464_260"
1464,4,"1464_1912"
1464,4,"1464_1233"
1465,4,"1465_2290"
1465,4,"1465_1186"
1465,4,"1465_1995"
1468,4,"1468_2722"
1470,4,"1470_2689"
1470,4,"1470_3534"
1470,4,"1470_3763"
1470,4,"1470_99"
1472,4,"1472_303"
1473,4,"1473_2641"
1473,4,"1473_3638"
1473,4,"1473_2870"
1473,4,"1473_2105"
1476,3.7,"1476_1282"
1483,4,"1483_2628"
1483,4,"1483_2174"
1486,3.3,"1486_3753"
1489,3,"1489_933"
1490,4.3,"1490_3404"
1495,4.3,"1495_1223"
1496,3.3,"1496_2657"
1496,3.3,"1496_2518"
1501,4,"1501_2861"
1501,4,"1501_704"
1502,4,"1502_1409"
1503,4,"1503_750"
1505,5,"1505_2788"
1509,3,"1509_1744"
1513,4,"1513_3936"
1513,4,"1513_2206"
1516,3.3,"1516_2900"
1518,3,"1518_1270"
1523,3.3,"1523_1294"
1523,3.3,"1523_3873"
1523,3.3,"1523_2321"
1525,3.7,"1525_3142"
1527,3.7,"1527_2443"
1528,3.7,"1528_2580"
1537,2.7,"1537_3160"
1538,2.7,"1538_3543"
1539,3,"1539_2706"
1542,3.7,"1542_1961"
1543,2.7,"1543_2355"
1546,4,"1546_3751"
1551,4.3,"1551_538"
1561,3,"1561_539"
1563,4.3,"1563_661"
1571,4.3,"1571_608"
1579,4.7,"1579_1676"
1584,4.7,"1584_1188"
1584,4.7,"1584_1197"
1584,4.7,"1584_2011"
1586,4.7,"1586_1275"
1586,4.7,"1586_920"
1586,4.7,"1586_1178"
1586,4.7,"1586_367"
1587,4.3,"1587_122"
1587,4.3,"1587_1923"
1591,4,"1591_2021"
1592,4,"1592_1473"
1593,3.3,"1593_1974"
1593,3.3,"1593_70"
1594,4.7,"1594_551"
1595,3.3,"1595_2455"
1596,3.7,"1596_260"
1597,4,"1597_1197"
1598,3.7,"1598_2668"
1598,3.7,"1598_611"
1598,3.7,"1598_2116"
1600,4,"1600_199"
1601,4.3,"1601_1215"
1602,3,"1602_1258"
1602,3,"1602_318"
1605,4,"1605_1290"
1605,4,"1605_1805"
1605,4,"1605_899"
1605,4,"1605_3350"
1605,4,"1605_502"
1605,4,"1605_45"
1605,4,"1605_524"
1606,4,"1606_3053"
1608,3.7,"1608_2861"
1611,2,"1611_3052"
1611,2,"1611_2529"
1611,2,"1611_50"
1611,2,"1611_2019"
1613,3.7,"1613_2134"
1613,3.7,"1613_1515"
1613,3.7,"1613_160"
1613,3.7,"1613_3705"
1615,3.3,"1615_3948"
1624,4.3,"1624_786"
1626,4,"1626_2826"
1626,4,"1626_1747"
1628,3.3,"1628_2076"
1628,3.3,"1628_2433"
1628,3.3,"1628_2525"
1631,3.7,"1631_1702"
1632,4,"1632_3029"
1632,4,"1632_3701"
1632,4,"1632_1035"
1637,5,"1637_1591"
1642,4,"1642_2527"
1643,4.3,"1643_3917"
1645,4,"1645_1629"
1645,4,"1645_2734"
1647,4,"1647_3702"
1647,4,"1647_2762"
1647,4,"1647_520"
1647,4,"1647_380"
1648,4.3,"1648_3359"
1650,3,"1650_1183"
1658,4,"1658_2628"
1659,4,"1659_1836"
1662,4.3,"1662_3101"
1666,3.7,"1666_1678"
1666,3.7,"1666_3450"
1668,3.7,"1668_3101"
1668,3.7,"1668_1952"
1671,2.3,"1671_1288"
1671,2.3,"1671_1682"
1671,2.3,"1671_1197"
1671,2.3,"1671_1223"
1671,2.3,"1671_551"
1675,4,"1675_2173"
1675,4,"1675_196"
1675,4,"1675_2034"
1676,4.7,"1676_3937"
1676,4.7,"1676_1961"
1676,4.7,"1676_2003"
1680,3.3,"1680_2068"
1680,3.3,"1680_299"
1680,3.3,"1680_170"
1680,3.3,"1680_3729"
1680,3.3,"1680_1096"
1681,4,"1681_2968"
1685,3.3,"1685_1960"
1685,3.3,"1685_2797"
1685,3.3,"1685_1208"
1687,4,"1687_1135"
1687,4,"1687_125"
1688,3,"1688_708"
1689,3,"1689_2735"
1692,3.3,"1692_3037"
1692,3.3,"1692_908"
1693,3.3,"1693_3260"
1693,3.3,"1693_2935"
1694,4.7,"1694_1907"
1695,4,"1695_1037"
1696,4.3,"1696_1805"
1696,4.3,"1696_3763"
1698,4.3,"1698_3079"
1698,4.3,"1698_2176"
1698,4.3,"1698_1580"
1701,4.3,"1701_2657"
1701,4.3,"1701_2688"
1701,4.3,"1701_2357"
1706,4.7,"1706_3910"
1708,4.3,"1708_1617"
1709,4.3,"1709_2134"
1712,5,"1712_911"
1716,3.7,"1716_1907"
1716,3.7,"1716_350"
1716,3.7,"1716_3914"
1722,4.3,"1722_1965"
1723,4,"1723_2535"
1726,4,"1726_3267"
1726,4,"1726_3113"
1727,4,"1727_3200"
1727,4,"1727_3654"
1729,3.7,"1729_3897"
1731,4.3,"1731_366"
1733,4.3,"1733_3253"
1733,4.3,"1733_2462"
1733,4.3,"1733_702"
1737,5,"1737_2468"
1737,5,"1737_1556"
1741,4.3,"1741_2668"
1741,4.3,"1741_479"
1741,4.3,"1741_1590"
1741,4.3,"1741_1921"
1741,4.3,"1741_28"
1741,4.3,"1741_1245"
1743,4,"1743_1219"
1744,3.7,"1744_2352"
1745,5,"1745_3113"
1746,3.7,"1746_2700"
1748,4,"1748_899"
1748,4,"1748_3175"
1749,3.3,"1749_2076"
1749,3.3,"1749_913"
1749,3.3,"1749_1173"
1749,3.3,"1749_3181"
1749,3.3,"1749_39"
1750,5,"1750_3578"
1752,3.3,"1752_3441"
1752,3.3,"1752_3387"
1753,4,"1753_1676"
1753,4,"1753_247"
1753,4,"1753_10"
1755,4.3,"1755_3548"
1755,4.3,"1755_1086"
1756,3.7,"1756_3578"
1758,4.3,"1758_2502"
1759,3.7,"1759_174"
1759,3.7,"1759_367"
1762,4.3,"1762_1214"
1764,3.3,"1764_2416"
1764,3.3,"1764_2133"
1764,3.3,"1764_1587"
1775,5,"1775_2628"
1776,4.7,"1776_593"
1778,5,"1778_3256"
1778,5,"1778_2616"
1778,5,"1778_1704"
1778,5,"1778_2778"
1779,2.3,"1779_733"
1779,2.3,"1779_653"
1780,3.7,"1780_2478"
1780,3.7,"1780_3466"
1780,3.7,"1780_442"
1780,3.7,"1780_1374"
1784,3.3,"1784_1461"
1784,3.3,"1784_1580"
1790,5,"1790_1307"
1790,5,"1790_2111"
1790,5,"1790_1950"
1791,3.3,"1791_1213"
1793,4.3,"1793_2352"
1794,3,"1794_2761"
1795,4.3,"1795_1042"
1796,4,"1796_1213"
1798,4,"1798_2628"
1798,4,"1798_3538"
1800,5,"1800_858"
1800,5,"1800_170"
1802,5,"1802_912"
1802,5,"1802_2120"
1802,5,"1802_1214"
1803,5,"1803_442"
1803,5,"1803_457"
1805,3,"1805_1783"
1807,4.3,"1807_1580"
1807,4.3,"1807_1917"
1809,2.3,"1809_2546"
1812,3,"1812_2528"
1819,2.3,"1819_242"
1824,4,"1824_1029"
1825,2,"1825_588"
1825,2,"1825_1617"
1825,2,"1825_261"
1833,3.3,"1833_2580"
1835,4,"1835_213"
1835,4,"1835_2648"
1835,4,"1835_1580"
1835,4,"1835_1729"
1835,4,"1835_1991"
1836,3.7,"1836_1673"
1836,3.7,"1836_1179"
1837,3.7,"1837_2469"
1837,3.7,"1837_3868"
1837,3.7,"1837_1343"
1837,3.7,"1837_3155"
1837,3.7,"1837_1912"
1837,3.7,"1837_3396"
1841,2.7,"1841_589"
1841,2.7,"1841_1605"
1841,2.7,"1841_1213"
1842,4.3,"1842_247"
1854,3.3,"1854_3424"
1855,4,"1855_589"
1857,3.7,"1857_1097"
1860,2.7,"1860_466"
1860,2.7,"1860_1391"
1860,2.7,"1860_2532"
1861,3.7,"1861_1953"
1862,3.3,"1862_913"
1863,3,"1863_904"
1865,2,"1865_2762"
1865,2,"1865_1247"
1870,3,"1870_1586"
1873,3.7,"1873_3508"
1874,4.3,"1874_2593"
1875,3.7,"1875_420"
1877,4.3,"1877_3513"
1879,3.7,"1879_1265"
1879,3.7,"1879_1863"
1879,3.7,"1879_2890"
1880,4,"1880_2701"
1880,4,"1880_163"
1880,4,"1880_1959"
1882,4,"1882_235"
1882,4,"1882_3658"
1882,4,"1882_1394"
1883,3,"1883_215"
1884,2.3,"1884_1939"
1889,3.3,"1889_950"
1889,3.3,"1889_3271"
1889,3.3,"1889_1060"
1889,3.3,"1889_1231"
1890,4.3,"1890_368"
1891,3.3,"1891_1374"
1891,3.3,"1891_318"
1895,4,"1895_2947"
1897,4.3,"1897_1444"
1897,4.3,"1897_3264"
1897,4.3,"1897_1834"
1897,4.3,"1897_1721"
1899,3.7,"1899_2076"
1899,3.7,"1899_951"
1899,3.7,"1899_1375"
1899,3.7,"1899_2354"
1899,3.7,"1899_36"
1899,3.7,"1899_1997"
1904,5,"1904_1196"
1908,3.3,"1908_3155"
1912,3.7,"1912_1293"
1912,3.7,"1912_3475"
1912,3.7,"1912_494"
1912,3.7,"1912_3334"
1912,3.7,"1912_3341"
1912,3.7,"1912_1214"
1917,4,"1917_1219"
1920,4.3,"1920_435"
1922,2.7,"1922_2712"
1922,2.7,"1922_1092"
1925,3.7,"1925_2023"
1926,4,"1926_942"
1926,4,"1926_213"
1928,4,"1928_10"
1932,4,"1932_2140"
1937,3.3,"1937_1265"
1939,3.7,"1939_1275"
1941,3.3,"1941_919"
1941,3.3,"1941_928"
1941,3.3,"1941_2644"
1941,3.3,"1941_1328"
1941,3.3,"1941_2550"
1941,3.3,"1941_2707"
1942,2.7,"1942_1269"
1943,3.3,"1943_509"
1945,3,"1945_112"
1946,3.7,"1946_1221"
1946,3.7,"1946_1095"
1950,3.7,"1950_1882"
1958,3.7,"1958_805"
1958,3.7,"1958_2746"
1958,3.7,"1958_1971"
1960,4,"1960_1297"
1960,4,"1960_2791"
1962,4,"1962_2236"
1963,4,"1963_2166"
1966,3.3,"1966_1961"
1966,3.3,"1966_1219"
1968,4,"1968_1967"
1968,4,"1968_2952"
1969,3.7,"1969_589"
1969,3.7,"1969_1409"
1970,4,"1970_3189"
1974,2,"1974_2064"
1974,2,"1974_3512"
1978,3.3,"1978_3754"
1979,2.3,"1979_3893"
1980,4,"1980_3258"
1980,4,"1980_1663"
1980,4,"1980_1894"
1980,4,"1980_472"
1980,4,"1980_1356"
1980,4,"1980_1920"
1983,3,"1983_3037"
1983,3,"1983_2135"
1983,3,"1983_2355"
1983,3,"1983_198"
1983,3,"1983_517"
1984,3.7,"1984_3099"
1994,4,"1994_2268"
1996,3.3,"1996_1252"
1998,4,"1998_1721"
1998,4,"1998_3733"
1999,3.7,"1999_1327"
1999,3.7,"1999_1994"
2002,3.3,"2002_1641"
2002,3.3,"2002_2331"
2002,3.3,"2002_1238"
2005,4,"2005_2858"
2006,3.7,"2006_935"
2010,3.7,"2010_2060"
2010,3.7,"2010_2080"
2010,3.7,"2010_1281"
2010,3.7,"2010_3256"
2010,3.7,"2010_2170"
2010,3.7,"2010_1702"
2010,3.7,"2010_303"
2010,3.7,"2010_1205"
2011,4,"2011_165"
2015,3.7,"2015_1291"
2015,3.7,"2015_1997"
2018,3.7,"2018_1405"
2018,3.7,"2018_2650"
2018,3.7,"2018_2000"
2020,4,"2020_1278"
2020,4,"2020_1610"
2020,4,"2020_3362"
2022,3.3,"2022_2699"
2023,4,"2023_1265"
2024,3,"2024_1875"
2025,4,"2025_434"
2027,2.3,"2027_1197"
2029,4,"2029_2102"
2029,4,"2029_2011"
2030,4,"2030_1278"
2030,4,"2030_946"
2030,4,"2030_3489"
2031,3.3,"2031_3578"
2032,3,"2032_3510"
2038,4,"2038_36"
2041,3.7,"2041_1371"
2042,4,"2042_339"
2042,4,"2042_29"
2046,3.7,"2046_3594"
2047,4.3,"2047_3952"
2047,4.3,"2047_858"
2047,4.3,"2047_2529"
2050,2.7,"2050_648"
2056,4.7,"2056_1301"
2056,4.7,"2056_2723"
2058,3.3,"2058_1327"
2058,3.3,"2058_2959"
2059,4.3,"2059_1732"
2059,4.3,"2059_381"
2059,4.3,"2059_1225"
2063,3.7,"2063_1414"
2063,3.7,"2063_3684"
2063,3.7,"2063_3697"
2064,3.7,"2064_1085"
2067,4.3,"2067_2968"
2068,3,"2068_1022"
2072,4.3,"2072_2617"
2073,4.3,"2073_1263"
2073,4.3,"2073_3469"
2073,4.3,"2073_2532"
2073,4.3,"2073_1956"
2073,4.3,"2073_527"
2073,4.3,"2073_2046"
2077,3,"2077_150"
2077,3,"2077_2018"
2079,4.3,"2079_1717"
2085,3,"2085_468"
2085,3,"2085_2321"
2086,4.3,"2086_1569"
2088,2,"2088_3936"
2088,2,"2088_1253"
2088,2,"2088_1196"
2088,2,"2088_2398"
2088,2,"2088_3770"
2091,3,"2091_43"
2092,3,"2092_2186"
2092,3,"2092_111"
2092,3,"2092_3345"
2092,3,"2092_1952"
2092,3,"2092_377"
2098,3.7,"2098_3683"
2098,3.7,"2098_671"
2102,4.3,"2102_1267"
2102,4.3,"2102_236"
2102,4.3,"2102_1719"
2102,4.3,"2102_2013"
2102,4.3,"2102_1213"
2105,3,"2105_3827"
2106,4.3,"2106_275"
2106,4.3,"2106_1035"
2109,4.3,"2109_2210"
2109,4.3,"2109_1848"
2116,4.3,"2116_1432"
2116,4.3,"2116_782"
2116,4.3,"2116_1644"
2116,4.3,"2116_3450"
2116,4.3,"2116_1892"
2116,4.3,"2116_453"
2116,4.3,"2116_1307"
2116,4.3,"2116_2154"
2116,4.3,"2116_1784"
2119,4.3,"2119_2916"
2120,4.7,"2120_784"
2120,4.7,"2120_1500"
2122,4.7,"2122_3471"
2124,5,"2124_2109"
2124,5,"2124_3741"
2124,5,"2124_1206"
2125,4.3,"2125_3615"
2125,4.3,"2125_3728"
2128,4.3,"2128_1210"
2129,3.3,"2129_2881"
2129,3.3,"2129_3527"
2136,4.7,"2136_832"
2146,4.3,"2146_2427"
2149,4,"2149_1035"
2156,4,"2156_150"
2156,4,"2156_2915"
2157,4,"2157_34"
2158,4.3,"2158_593"
2162,4,"2162_915"
2162,4,"2162_2268"
2163,3.7,"2163_3256"
2164,4.3,"2164_2476"
2164,4.3,"2164_2164"
2164,4.3,"2164_2942"
2164,4.3,"2164_1090"
2166,4,"2166_1580"
2168,3.3,"2168_1136"
2170,3.3,"2170_2455"
2171,3.7,"2171_1292"
2171,3.7,"2171_2284"
2172,4.7,"2172_1298"
2173,4,"2173_3359"
2173,4,"2173_529"
2175,4.3,"2175_3421"
2176,3.7,"2176_2731"
2176,3.7,"2176_1235"
2177,4.7,"2177_1947"
2178,4,"2178_3068"
2181,3.3,"2181_588"
2181,3.3,"2181_492"
2181,3.3,"2181_2163"
2181,3.3,"2181_1721"
2181,3.3,"2181_3396"
2181,3.3,"2181_1220"
2186,4.7,"2186_2001"
2187,3,"2187_733"
2188,4.3,"2188_1310"
2188,4.3,"2188_2398"
2188,4.3,"2188_89"
2195,3.3,"2195_3793"
2203,4.3,"2203_500"
2203,4.3,"2203_3590"
2205,2.7,"2205_1721"
2206,4,"2206_3827"
2206,4,"2206_3555"
2208,4.3,"2208_3328"
2208,4.3,"2208_1597"
2208,4.3,"2208_2581"
2211,2.7,"2211_1292"
2211,2.7,"2211_3469"
2217,4.7,"2217_1458"
2218,4,"2218_908"
2219,4,"2219_1196"
2222,3.3,"2222_1343"
2222,3.3,"2222_1235"
2223,4.3,"2223_1343"
2223,4.3,"2223_832"
2223,4.3,"2223_1573"
2225,3.7,"2225_3608"
2226,3.3,"2226_1197"
2227,4,"2227_2194"
2228,3.3,"2228_1200"
2230,4.7,"2230_3255"
2231,4.3,"2231_2065"
2232,3,"2232_456"
2232,3,"2232_3566"
2237,4.3,"2237_1608"
2237,4.3,"2237_141"
2237,4.3,"2237_337"
2237,4.3,"2237_3753"
2241,4.3,"2241_3296"
2244,4.3,"2244_1320"
2244,4.3,"2244_1089"
2246,3.7,"2246_198"
2246,3.7,"2246_1206"
2247,4.3,"2247_3801"
2247,4.3,"2247_1178"
2249,4,"2249_409"
2251,2.7,"2251_950"
2252,3.7,"2252_2085"
2255,4,"2255_3672"
2256,3.7,"2256_2916"
2258,3,"2258_1188"
2258,3,"2258_2558"
2261,3,"2261_3543"
2263,2.3,"2263_3301"
2264,4.3,"2264_105"
2264,4.3,"2264_3504"
2264,4.3,"2264_1021"
2265,4.7,"2265_940"
2265,4.7,"2265_3624"
2265,4.7,"2265_1894"
2265,4.7,"2265_480"
2269,4,"2269_11"
2270,4,"2270_110"
2271,2.7,"2271_288"
2272,3,"2272_3210"
2275,3,"2275_2336"
2279,2.7,"2279_3471"
2280,3,"2280_2268"
2281,3.3,"2281_3543"
2293,3,"2293_2692"
2293,3,"2293_1949"
2293,3,"2293_1238"
2302,4,"2302_329"
2303,3.7,"2303_2997"
2304,3.7,"2304_3254"
2304,3.7,"2304_535"
2309,3,"2309_3103"
2334,3.7,"2334_1440"
2335,3.7,"2335_1078"
2336,4.3,"2336_3702"
2338,3.7,"2338_1250"
2340,2.7,"2340_2599"
2340,2.7,"2340_2968"
2340,2.7,"2340_1235"
2344,3.7,"2344_2336"
2347,3.3,"2347_1387"
2348,4,"2348_909"
2348,4,"2348_3608"
2348,4,"2348_2968"
2367,4,"2367_3107"
2368,4,"2368_2245"
2368,4,"2368_272"
2369,2.7,"2369_1625"
2372,3.7,"2372_608"
2372,3.7,"2372_2959"
2373,4,"2373_2015"
2374,3.3,"2374_1379"
2376,3.7,"2376_3006"
2376,3.7,"2376_1186"
2378,4,"2378_1474"
2379,3.3,"2379_3471"
2380,3.7,"2380_3108"
2382,4,"2382_2455"
2383,3.7,"2383_3638"
2387,3,"2387_527"
2389,3.7,"2389_940"
2390,3.3,"2390_1409"
2393,4.7,"2393_1251"
2393,4.7,"2393_2394"
2402,3,"2402_3366"
2402,3,"2402_367"
2402,3,"2402_1220"
2409,2.7,"2409_2407"
2414,2.3,"2414_2193"
2415,3.3,"2415_2475"
2417,3.7,"2417_3868"
2420,3.7,"2420_2944"
2423,4.3,"2423_1266"
2423,4.3,"2423_1835"
2424,4,"2424_3527"
2426,4.3,"2426_1247"
2429,4,"2429_296"
2429,4,"2429_1584"
2432,3.3,"2432_2012"
2436,4,"2436_3081"
2436,4,"2436_1831"
2436,4,"2436_52"
2438,4,"2438_1748"
2438,4,"2438_2762"
2445,4.3,"2445_1291"
2445,4.3,"2445_2468"
2445,4.3,"2445_292"
2446,4.3,"2446_3247"
2446,4.3,"2446_2841"
2446,4.3,"2446_2115"
2446,4.3,"2446_1954"
2452,3,"2452_1608"
2453,4.3,"2453_1262"
2453,4.3,"2453_2702"
2454,3.7,"2454_3100"
2455,3.3,"2455_3819"
2456,4,"2456_892"
2456,4,"2456_1721"
2456,4,"2456_1081"
2458,3.7,"2458_1265"
2459,3.7,"2459_3255"
2460,3.3,"2460_1083"
2462,3.3,"2462_2100"
2465,5,"2465_1252"
2465,5,"2465_2396"
2469,4.3,"2469_2716"
2473,3.3,"2473_3897"
2478,4,"2478_919"
2483,3.7,"2483_2959"
2484,4.7,"2484_3937"
2484,4.7,"2484_2734"
2485,2.7,"2485_457"
2488,3.3,"2488_1459"
2489,2.7,"2489_1956"
2497,4.3,"2497_1086"
2500,3.7,"2500_3418"
2506,3.3,"2506_222"
2507,3.3,"2507_219"
2507,3.3,"2507_305"
2526,3,"2526_1284"
2526,3,"2526_2921"
2529,4,"2529_1367"
2537,3.7,"2537_1256"
2537,3.7,"2537_593"
2537,3.7,"2537_360"
2537,3.7,"2537_1214"
2539,4,"2539_2529"
2540,4.3,"2540_2289"
2540,4.3,"2540_3918"
2541,4,"2541_762"
2541,4,"2541_2555"
2544,3.7,"2544_1"
2544,3.7,"2544_1850"
2546,4,"2546_1221"
2549,4,"2549_902"
2554,4.7,"2554_1956"
2555,3.7,"2555_3551"
2555,3.7,"2555_350"
2555,3.7,"2555_2949"
2557,3.7,"2557_1147"
2561,4,"2561_3006"
2561,4,"2561_1097"
2563,4.3,"2563_1661"
2565,4.3,"2565_944"
2565,4.3,"2565_2950"
2566,4,"2566_1287"
2566,4,"2566_1073"
2567,4.3,"2567_2533"
2571,4,"2571_1219"
2573,4.3,"2573_2028"
2576,3.3,"2576_3107"
2581,3.7,"2581_1251"
2583,3.7,"2583_1371"
2583,3.7,"2583_1584"
2588,3,"2588_3809"
2589,3.7,"2589_2571"
2590,2.3,"2590_1690"
2590,2.3,"2590_849"
2590,2.3,"2590_1544"
2592,4.3,"2592_1569"
2592,4.3,"2592_3363"
2594,3,"2594_3827"
2596,3.7,"2596_1367"
2598,4,"2598_858"
2599,1.7,"2599_2662"
2599,1.7,"2599_60"
2604,4.3,"2604_3538"
2605,3.7,"2605_2527"
2606,3.3,"2606_3160"
2607,4,"2607_3723"
2608,3,"2608_1273"
2608,3,"2608_1136"
2608,3,"2608_2324"
2609,3.3,"2609_1226"
2612,3.7,"2612_1923"
2625,3.3,"2625_2638"
2627,2.3,"2627_1617"
2627,2.3,"2627_2712"
2627,2.3,"2627_2985"
2634,4.7,"2634_1404"
2634,4.7,"2634_912"
2634,4.7,"2634_417"
2634,4.7,"2634_3534"
2637,4.3,"2637_3408"
2638,3.7,"2638_3499"
2638,3.7,"2638_1381"
2638,3.7,"2638_1385"
2638,3.7,"2638_1961"
2641,4.7,"2641_3865"
2643,3.3,"2643_3467"
2645,3.7,"2645_1608"
2645,3.7,"2645_1663"
2648,4.3,"2648_924"
2648,4.3,"2648_3499"
2649,4.3,"2649_2002"
2651,2.7,"2651_3836"
2652,4,"2652_1"
2654,4,"2654_2396"
2655,4,"2655_2706"
2656,4,"2656_903"
2663,4,"2663_1188"
2664,4,"2664_904"
2665,3.7,"2665_1272"
2665,3.7,"2665_3717"
2665,3.7,"2665_541"
2670,3.7,"2670_1233"
2679,3,"2679_1248"
2679,3,"2679_2203"
2679,3,"2679_1265"
2679,3,"2679_2390"
2680,3,"2680_1179"
2680,3,"2680_3929"
2681,3.3,"2681_2100"
2682,4,"2682_2808"
2682,4,"2682_1964"
2687,4.7,"2687_2580"
2691,3.7,"2691_919"
2693,3.3,"2693_2871"
2698,4.7,"2698_1136"
2700,4.7,"2700_3155"
2700,4.7,"2700_541"
2701,4,"2701_1610"
2707,3,"2707_3893"
2711,4.3,"2711_610"
2718,4.3,"2718_432"
2723,3,"2723_2791"
2724,4.7,"2724_1947"
2730,3.7,"2730_3396"
2731,4,"2731_3424"
2731,4,"2731_3704"
2733,4.7,"2733_1296"
2734,5,"2734_1617"
2734,5,"2734_2724"
2736,3.7,"2736_919"
2736,3.7,"2736_373"
2737,4,"2737_1399"
2737,4,"2737_361"
2738,4.3,"2738_2336"
2743,2.7,"2743_480"
2743,2.7,"2743_1515"
2743,2.7,"2743_1713"
2746,3,"2746_2433"
2748,3.7,"2748_3799"
2748,3.7,"2748_1375"
2748,3.7,"2748_1036"
2748,3.7,"2748_3755"
2749,4,"2749_1610"
2749,4,"2749_3317"
2751,4.3,"2751_1641"
2751,4.3,"2751_260"
2751,4.3,"2751_1784"
2752,4.7,"2752_2289"
2752,4.7,"2752_2846"
2752,4.7,"2752_1748"
2752,4.7,"2752_3706"
2752,4.7,"2752_1200"
2753,3,"2753_1223"
2756,3.3,"2756_1687"
2757,3.3,"2757_599"
2761,4.3,"2761_1626"
2761,4.3,"2761_1222"
2763,4.7,"2763_1092"
2764,4,"2764_1288"
2764,4,"2764_304"
2764,4,"2764_2761"
2764,4,"2764_1238"
2765,3.7,"2765_2616"
2765,3.7,"2765_1214"
2769,4.3,"2769_902"
2769,4.3,"2769_207"
2771,3.7,"2771_2108"
2771,3.7,"2771_153"
2772,4.7,"2772_1128"
2772,4.7,"2772_2371"
2774,4,"2774_1747"
2777,3,"2777_2402"
2777,3,"2777_463"
2777,3,"2777_2353"
2777,3,"2777_3174"
2779,4,"2779_2019"
2793,4.7,"2793_3424"
2796,3.7,"2796_1917"
2796,3.7,"2796_543"
2820,3.3,"2820_1251"
2840,3.7,"2840_168"
2841,3.7,"2841_3275"
2841,3.7,"2841_669"
2895,3.7,"2895_3914"
2898,4,"2898_2318"
2910,3.3,"2910_2997"
2918,4,"2918_1429"
2926,4.3,"2926_3082"
2946,3.3,"2946_3703"
2947,3.7,"2947_3255"
2947,3.7,"2947_2729"
2962,2.7,"2962_3230"
2964,4,"2964_527"
2986,3,"2986_3317"
3038,3,"3038_1678"
3054,3,"3054_3022"
3055,4,"3055_3409"
3074,3.7,"3074_3198"
3080,3.7,"3080_440"
3080,3.7,"3080_1300"
3087,3,"3087_1733"
3096,3.7,"3096_1353"
3112,4,"3112_903"
3128,3.3,"3128_3623"
3163,4.3,"3163_47"
3203,3.3,"3203_1371"
3260,4,"3260_293"
3260,4,"3260_50"
3300,3,"3300_648"
3312,3,"3312_3556"
3368,4.7,"3368_1617"
3391,3.7,"3391_1425"
3401,4.3,"3401_3418"
3405,3.7,"3405_3785"
3410,3.3,"3410_2859"
3430,3.3,"3430_2969"
3454,3.3,"3454_1120"
3454,3.3,"3454_3753"
3462,3.3,"3462_3826"
3471,4.7,"3471_835"
3471,4.7,"3471_303"
3471,4.7,"3471_377"
3471,4.7,"3471_548"
3475,3,"3475_3421"
3475,3,"3475_3450"
3475,3,"3475_3198"
3483,4.7,"3483_1479"
3483,4.7,"3483_1923"
3516,2.7,"3516_1256"
3518,2.7,"3518_3915"
3520,3.7,"3520_3039"
3550,3.3,"3550_502"
3557,3.3,"3557_3129"
3560,3.7,"3560_1246"
3562,4,"3562_3579"
3589,4.7,"3589_2762"
3610,3.7,"3610_2936"
3648,4,"3648_236"
3648,4,"3648_2146"
3681,3.3,"3681_2396"
3691,4,"3691_652"
3757,3.7,"3757_2034"
3768,3.3,"3768_2949"
3792,4,"3792_2364"
3807,4.7,"3807_380"
3821,4.3,"3821_1459"
3821,4.3,"3821_788"
3821,4.3,"3821_2485"
3821,4.3,"3821_307"
3821,4.3,"3821_700"
3824,4.3,"3824_1586"
3824,4.3,"3824_1010"
3842,3.7,"3842_880"
3866,3.7,"3866_1280"
3886,4.7,"3886_1831"
3953,5,"3953_1391"
3963,5,"3963_930"
3985,5,"3985_1961"
3995,5,"3995_2336"
4005,5,"4005_2894"
4005,5,"4005_2769"
4107,5,"4107_2145"
4118,5,"4118_828"
4126,5,"4126_1285"
4126,5,"4126_1676"
4126,5,"4126_2107"
4169,5,"4169_1909"
4232,5,"4232_2987"
4277,5,"4277_1449"
4294,5,"4294_3006"
4328,5,"4328_2355"
4371,5,"4371_2688"
4387,5,"4387_2156"
4418,5,"4418_39"
4445,5,"4445_3512"
4465,5,"4465_2671"
4467,5,"4467_207"
4471,5,"4471_2108"
4478,5,"4478_1411"
4520,5,"4520_1644"
4520,5,"4520_1690"
4543,5,"4543_1502"
4562,5,"4562_2841"
4566,5,"4566_3044"
4579,5,"4579_3044"
4579,5,"4579_3081"
4579,5,"4579_151"
4607,5,"4607_1965"
4647,5,"4647_3509"
4657,5,"4657_1944"
4682,5,"4682_762"
4708,5,"4708_1203"
4708,5,"4708_3710"
4728,5,"4728_308"
4765,5,"4765_950"
4802,5,"4802_3751"
4809,5,"4809_3720"
4816,5,"4816_2769"
4829,5,"4829_3241"
4831,5,"4831_750"
4834,5,"4834_474"
4834,5,"4834_2336"
4940,5,"4940_597"
4960,5,"4960_3543"
4979,5,"4979_3943"
4983,5,"4983_1016"
5046,5,"5046_3844"
5074,5,"5074_3949"
5087,5,"5087_3861"
5087,5,"5087_36"
5156,5,"5156_2985"
5156,5,"5156_1617"
5172,5,"5172_953"
5172,5,"5172_3526"
5172,5,"5172_1784"
5205,5,"5205_2550"
5300,5,"5300_1178"
5317,5,"5317_1464"
5317,5,"5317_1104"
5333,5,"5333_3006"
5371,5,"5371_1197"
5387,5,"5387_1306"
5394,5,"5394_595"
5394,5,"5394_2176"
5397,5,"5397_2076"
5397,5,"5397_1342"
5450,5,"5450_592"
5458,5,"5458_3396"
5539,5,"5539_970"
5580,5,"5580_2374"
5621,5,"5621_165"
5636,5,"5636_506"
5636,5,"5636_1084"
5654,5,"5654_337"
5654,5,"5654_1034"
5675,5,"5675_2358"
5682,5,"5682_1994"
5682,5,"5682_1200"
5682,5,"5682_1387"
5722,5,"5722_3556"
5723,5,"5723_2826"
5734,5,"5734_2291"
5737,5,"5737_3019"
5787,5,"5787_1219"
5812,5,"5812_606"
5812,5,"5812_3709"
5831,5,"5831_3639"
5878,5,"5878_3484"
5880,5,"5880_1009"
5948,5,"5948_1099"
5956,5,"5956_1682"
5991,5,"5991_3159"
6002,5,"6002_1161"
6002,5,"6002_3546"
